{
  "accuracy": 0.5887096774193549,
  "confusion_matrix": [
    [
      55,
      26,
      1
    ],
    [
      9,
      55,
      11
    ],
    [
      6,
      49,
      36
    ]
  ],
  "report": {
    "minor": {
      "precision": 0.7857142857142857,
      "recall": 0.6707317073170732,
      "f1-score": 0.7236842105263158,
      "support": 82.0
    },
    "moderate": {
      "precision": 0.4230769230769231,
      "recall": 0.7333333333333333,
      "f1-score": 0.5365853658536586,
      "support": 75.0
    },
    "severe": {
      "precision": 0.75,
      "recall": 0.3956043956043956,
      "f1-score": 0.5179856115107914,
      "support": 91.0
    },
    "accuracy": 0.5887096774193549,
    "macro avg": {
      "precision": 0.6529304029304029,
      "recall": 0.599889812084934,
      "f1-score": 0.5927517292969219,
      "support": 248.0
    },
    "weighted avg": {
      "precision": 0.6629408897554059,
      "recall": 0.5887096774193549,
      "f1-score": 0.5916237836680013,
      "support": 248.0
    }
  }
}