{
  "accuracy": 0.5604838709677419,
  "confusion_matrix": [
    [
      50,
      16,
      16
    ],
    [
      12,
      17,
      46
    ],
    [
      9,
      10,
      72
    ]
  ],
  "report": {
    "minor": {
      "precision": 0.704225352112676,
      "recall": 0.6097560975609756,
      "f1-score": 0.6535947712418301,
      "support": 82.0
    },
    "moderate": {
      "precision": 0.3953488372093023,
      "recall": 0.22666666666666666,
      "f1-score": 0.288135593220339,
      "support": 75.0
    },
    "severe": {
      "precision": 0.5373134328358209,
      "recall": 0.7912087912087912,
      "f1-score": 0.64,
      "support": 91.0
    },
    "accuracy": 0.5604838709677419,
    "macro avg": {
      "precision": 0.5456292073859331,
      "recall": 0.5425438518121445,
      "f1-score": 0.5272434548207231,
      "support": 248.0
    },
    "weighted avg": {
      "precision": 0.549569209887084,
      "recall": 0.5604838709677419,
      "f1-score": 0.5380844384409497,
      "support": 248.0
    }
  }
}