{
  "accuracy": 0.5645161290322581,
  "confusion_matrix": [
    [
      59,
      2,
      21
    ],
    [
      16,
      4,
      55
    ],
    [
      13,
      1,
      77
    ]
  ],
  "report": {
    "minor": {
      "precision": 0.6704545454545454,
      "recall": 0.7195121951219512,
      "f1-score": 0.6941176470588235,
      "support": 82.0
    },
    "moderate": {
      "precision": 0.5714285714285714,
      "recall": 0.05333333333333334,
      "f1-score": 0.0975609756097561,
      "support": 75.0
    },
    "severe": {
      "precision": 0.5032679738562091,
      "recall": 0.8461538461538461,
      "f1-score": 0.6311475409836066,
      "support": 91.0
    },
    "accuracy": 0.5645161290322581,
    "macro avg": {
      "precision": 0.581717030246442,
      "recall": 0.5396664582030436,
      "f1-score": 0.47427538788406204,
      "support": 248.0
    },
    "weighted avg": {
      "precision": 0.5791604887311719,
      "recall": 0.5645161290322581,
      "f1-score": 0.4906013970123525,
      "support": 248.0
    }
  }
}