{
  "simple": {
    "accuracy": 0.5645161290322581,
    "confusion_matrix": [
      [
        59,
        2,
        21
      ],
      [
        16,
        4,
        55
      ],
      [
        13,
        1,
        77
      ]
    ],
    "report": {
      "minor": {
        "precision": 0.6704545454545454,
        "recall": 0.7195121951219512,
        "f1-score": 0.6941176470588235,
        "support": 82.0
      },
      "moderate": {
        "precision": 0.5714285714285714,
        "recall": 0.05333333333333334,
        "f1-score": 0.0975609756097561,
        "support": 75.0
      },
      "severe": {
        "precision": 0.5032679738562091,
        "recall": 0.8461538461538461,
        "f1-score": 0.6311475409836066,
        "support": 91.0
      },
      "accuracy": 0.5645161290322581,
      "macro avg": {
        "precision": 0.581717030246442,
        "recall": 0.5396664582030436,
        "f1-score": 0.47427538788406204,
        "support": 248.0
      },
      "weighted avg": {
        "precision": 0.5791604887311719,
        "recall": 0.5645161290322581,
        "f1-score": 0.4906013970123525,
        "support": 248.0
      }
    }
  },
  "deep": {
    "accuracy": 0.5604838709677419,
    "confusion_matrix": [
      [
        50,
        16,
        16
      ],
      [
        12,
        17,
        46
      ],
      [
        9,
        10,
        72
      ]
    ],
    "report": {
      "minor": {
        "precision": 0.704225352112676,
        "recall": 0.6097560975609756,
        "f1-score": 0.6535947712418301,
        "support": 82.0
      },
      "moderate": {
        "precision": 0.3953488372093023,
        "recall": 0.22666666666666666,
        "f1-score": 0.288135593220339,
        "support": 75.0
      },
      "severe": {
        "precision": 0.5373134328358209,
        "recall": 0.7912087912087912,
        "f1-score": 0.64,
        "support": 91.0
      },
      "accuracy": 0.5604838709677419,
      "macro avg": {
        "precision": 0.5456292073859331,
        "recall": 0.5425438518121445,
        "f1-score": 0.5272434548207231,
        "support": 248.0
      },
      "weighted avg": {
        "precision": 0.549569209887084,
        "recall": 0.5604838709677419,
        "f1-score": 0.5380844384409497,
        "support": 248.0
      }
    }
  },
  "bn": {
    "accuracy": 0.5887096774193549,
    "confusion_matrix": [
      [
        55,
        26,
        1
      ],
      [
        9,
        55,
        11
      ],
      [
        6,
        49,
        36
      ]
    ],
    "report": {
      "minor": {
        "precision": 0.7857142857142857,
        "recall": 0.6707317073170732,
        "f1-score": 0.7236842105263158,
        "support": 82.0
      },
      "moderate": {
        "precision": 0.4230769230769231,
        "recall": 0.7333333333333333,
        "f1-score": 0.5365853658536586,
        "support": 75.0
      },
      "severe": {
        "precision": 0.75,
        "recall": 0.3956043956043956,
        "f1-score": 0.5179856115107914,
        "support": 91.0
      },
      "accuracy": 0.5887096774193549,
      "macro avg": {
        "precision": 0.6529304029304029,
        "recall": 0.599889812084934,
        "f1-score": 0.5927517292969219,
        "support": 248.0
      },
      "weighted avg": {
        "precision": 0.6629408897554059,
        "recall": 0.5887096774193549,
        "f1-score": 0.5916237836680013,
        "support": 248.0
      }
    }
  }
}